[{"model": "admin.logentry", "pk": 1, "fields": {"action_time": "2021-09-05T11:00:26.236Z", "user": 1, "content_type": 7, "object_id": "1", "object_repr": "space_travel_agency.example.com", "action_flag": 2, "change_message": "[{\"changed\": {\"fields\": [\"Domain name\", \"Display name\"]}}]"}}, {"model": "admin.logentry", "pk": 2, "fields": {"action_time": "2021-09-05T11:05:18.076Z", "user": 1, "content_type": 8, "object_id": "1", "object_repr": "epitax@hotmail.com", "action_flag": 1, "change_message": "[{\"added\": {}}]"}}, {"model": "admin.logentry", "pk": 3, "fields": {"action_time": "2021-09-06T09:22:47.257Z", "user": 1, "content_type": 13, "object_id": "1", "object_repr": "trip", "action_flag": 1, "change_message": "[{\"added\": {}}]"}}, {"model": "admin.logentry", "pk": 4, "fields": {"action_time": "2021-09-06T09:22:59.139Z", "user": 1, "content_type": 13, "object_id": "2", "object_repr": "multimedia", "action_flag": 1, "change_message": "[{\"added\": {}}]"}}, {"model": "admin.logentry", "pk": 5, "fields": {"action_time": "2021-09-06T09:23:11.757Z", "user": 1, "content_type": 13, "object_id": "3", "object_repr": "pers-care", "action_flag": 1, "change_message": "[{\"added\": {}}]"}}, {"model": "admin.logentry", "pk": 6, "fields": {"action_time": "2021-09-06T09:23:40.295Z", "user": 1, "content_type": 13, "object_id": "4", "object_repr": "accessories", "action_flag": 1, "change_message": "[{\"added\": {}}]"}}, {"model": "admin.logentry", "pk": 7, "fields": {"action_time": "2021-09-06T09:23:55.925Z", "user": 1, "content_type": 13, "object_id": "5", "object_repr": "deals", "action_flag": 1, "change_message": "[{\"added\": {}}]"}}, {"model": "admin.logentry", "pk": 8, "fields": {"action_time": "2021-09-06T09:24:11.517Z", "user": 1, "content_type": 13, "object_id": "6", "object_repr": "entertainment", "action_flag": 1, "change_message": "[{\"added\": {}}]"}}, {"model": "admin.logentry", "pk": 9, "fields": {"action_time": "2021-09-06T09:32:05.777Z", "user": 1, "content_type": 14, "object_id": "1", "object_repr": "A trip around the earth", "action_flag": 1, "change_message": "[{\"added\": {}}]"}}, {"model": "admin.logentry", "pk": 10, "fields": {"action_time": "2021-09-06T09:33:37.942Z", "user": 1, "content_type": 14, "object_id": "1", "object_repr": "A trip around the earth", "action_flag": 2, "change_message": "[{\"changed\": {\"fields\": [\"Sku\"]}}]"}}, {"model": "admin.logentry", "pk": 11, "fields": {"action_time": "2021-09-06T09:33:48.301Z", "user": 1, "content_type": 14, "object_id": "1", "object_repr": "A trip around the earth", "action_flag": 2, "change_message": "[{\"changed\": {\"fields\": [\"Sku\"]}}]"}}, {"model": "admin.logentry", "pk": 12, "fields": {"action_time": "2021-09-06T09:34:17.379Z", "user": 1, "content_type": 14, "object_id": "1", "object_repr": "A trip around the earth", "action_flag": 2, "change_message": "[{\"changed\": {\"fields\": [\"Image\"]}}]"}}, {"model": "admin.logentry", "pk": 13, "fields": {"action_time": "2021-09-06T09:52:27.230Z", "user": 1, "content_type": 14, "object_id": "2", "object_repr": "Water bottle with pill box", "action_flag": 1, "change_message": "[{\"added\": {}}]"}}, {"model": "admin.logentry", "pk": 14, "fields": {"action_time": "2021-09-06T11:41:31.039Z", "user": 1, "content_type": 14, "object_id": "2", "object_repr": "Water bottle with pill box", "action_flag": 2, "change_message": "[{\"changed\": {\"fields\": [\"Image\"]}}]"}}, {"model": "admin.logentry", "pk": 15, "fields": {"action_time": "2021-09-06T12:17:23.257Z", "user": 1, "content_type": 14, "object_id": "3", "object_repr": "Manta Sleep Mask", "action_flag": 1, "change_message": "[{\"added\": {}}]"}}, {"model": "admin.logentry", "pk": 16, "fields": {"action_time": "2021-09-06T18:37:32.571Z", "user": 1, "content_type": 14, "object_id": "4", "object_repr": "Clip on Phone Camera Lens", "action_flag": 1, "change_message": "[{\"added\": {}}]"}}, {"model": "admin.logentry", "pk": 17, "fields": {"action_time": "2021-09-06T18:41:47.109Z", "user": 1, "content_type": 14, "object_id": "5", "object_repr": "Wireless Headphones", "action_flag": 1, "change_message": "[{\"added\": {}}]"}}, {"model": "admin.logentry", "pk": 18, "fields": {"action_time": "2021-09-06T18:47:45.629Z", "user": 1, "content_type": 14, "object_id": "6", "object_repr": "Motion sickness pills", "action_flag": 1, "change_message": "[{\"added\": {}}]"}}, {"model": "admin.logentry", "pk": 19, "fields": {"action_time": "2021-09-06T18:48:21.900Z", "user": 1, "content_type": 14, "object_id": "6", "object_repr": "Motion sickness pills", "action_flag": 2, "change_message": "[{\"changed\": {\"fields\": [\"Image\"]}}]"}}, {"model": "admin.logentry", "pk": 20, "fields": {"action_time": "2021-09-06T18:51:37.702Z", "user": 1, "content_type": 14, "object_id": "7", "object_repr": "Zero G Pen", "action_flag": 1, "change_message": "[{\"added\": {}}]"}}, {"model": "admin.logentry", "pk": 21, "fields": {"action_time": "2021-09-06T19:07:20.559Z", "user": 1, "content_type": 14, "object_id": "8", "object_repr": "\"Beyond: Visions of the Interplanetary  \"", "action_flag": 1, "change_message": "[{\"added\": {}}]"}}, {"model": "admin.logentry", "pk": 22, "fields": {"action_time": "2021-09-06T19:08:36.599Z", "user": 1, "content_type": 14, "object_id": "9", "object_repr": "The Red Limit: The Search for the Edge of the Universe", "action_flag": 1, "change_message": "[{\"added\": {}}]"}}, {"model": "admin.logentry", "pk": 23, "fields": {"action_time": "2021-09-06T19:11:52.956Z", "user": 1, "content_type": 14, "object_id": "10", "object_repr": "Space Travel", "action_flag": 1, "change_message": "[{\"added\": {}}]"}}, {"model": "admin.logentry", "pk": 24, "fields": {"action_time": "2021-09-06T19:22:14.181Z", "user": 1, "content_type": 14, "object_id": "11", "object_repr": "Space Hotel", "action_flag": 1, "change_message": "[{\"added\": {}}]"}}, {"model": "admin.logentry", "pk": 25, "fields": {"action_time": "2021-09-06T19:24:26.157Z", "user": 1, "content_type": 14, "object_id": "12", "object_repr": "Fly me to the moon", "action_flag": 1, "change_message": "[{\"added\": {}}]"}}, {"model": "admin.logentry", "pk": 26, "fields": {"action_time": "2021-09-06T19:28:55.227Z", "user": 1, "content_type": 14, "object_id": "9", "object_repr": "The Red Limit: The Search for the Edge of the Universe", "action_flag": 2, "change_message": "[{\"changed\": {\"fields\": [\"Image url\", \"Image\"]}}]"}}, {"model": "admin.logentry", "pk": 27, "fields": {"action_time": "2021-09-06T19:37:19.974Z", "user": 1, "content_type": 14, "object_id": "9", "object_repr": "The Big Beyond", "action_flag": 2, "change_message": "[{\"changed\": {\"fields\": [\"Name\", \"Description\", \"Image url\", \"Image\"]}}]"}}, {"model": "admin.logentry", "pk": 28, "fields": {"action_time": "2021-09-17T16:17:13.306Z", "user": 1, "content_type": 4, "object_id": "1", "object_repr": "tascosilva", "action_flag": 2, "change_message": "[{\"changed\": {\"fields\": [\"First name\", \"Last name\"]}}]"}}, {"model": "admin.logentry", "pk": 29, "fields": {"action_time": "2021-09-17T16:17:24.273Z", "user": 1, "content_type": 4, "object_id": "2", "object_repr": "tester", "action_flag": 2, "change_message": "[{\"changed\": {\"fields\": [\"First name\", \"Last name\"]}}]"}}, {"model": "admin.logentry", "pk": 30, "fields": {"action_time": "2021-09-18T11:29:38.825Z", "user": 1, "content_type": 8, "object_id": "1", "object_repr": "tasco@silva.com", "action_flag": 2, "change_message": "[{\"changed\": {\"fields\": [\"E-mail address\"]}}]"}}, {"model": "admin.logentry", "pk": 31, "fields": {"action_time": "2021-09-22T08:34:37.603Z", "user": 1, "content_type": 15, "object_id": "19", "object_repr": "D1350C8390B842A18AEB414D87B650ED", "action_flag": 3, "change_message": ""}}, {"model": "admin.logentry", "pk": 32, "fields": {"action_time": "2021-09-22T08:34:37.610Z", "user": 1, "content_type": 15, "object_id": "18", "object_repr": "26258954DC304399AEBE414EA006C3E6", "action_flag": 3, "change_message": ""}}, {"model": "admin.logentry", "pk": 33, "fields": {"action_time": "2021-09-22T08:34:37.612Z", "user": 1, "content_type": 15, "object_id": "17", "object_repr": "1BF4D24BD84347E99B0D268268CAE713", "action_flag": 3, "change_message": ""}}, {"model": "admin.logentry", "pk": 34, "fields": {"action_time": "2021-09-22T08:34:37.615Z", "user": 1, "content_type": 15, "object_id": "16", "object_repr": "1947B2E13BF64F01A76C9810CA66EEC4", "action_flag": 3, "change_message": ""}}, {"model": "admin.logentry", "pk": 35, "fields": {"action_time": "2021-09-22T08:34:37.617Z", "user": 1, "content_type": 15, "object_id": "15", "object_repr": "529F044E529E4A7CAD5345D0D9D57D07", "action_flag": 3, "change_message": ""}}, {"model": "admin.logentry", "pk": 36, "fields": {"action_time": "2021-09-22T08:34:37.620Z", "user": 1, "content_type": 15, "object_id": "14", "object_repr": "F4B2E0108F4E4500806A94E7E3C24900", "action_flag": 3, "change_message": ""}}, {"model": "admin.logentry", "pk": 37, "fields": {"action_time": "2021-09-22T08:34:37.623Z", "user": 1, "content_type": 15, "object_id": "13", "object_repr": "B52BF426FC0E455EB803ED51E429A33D", "action_flag": 3, "change_message": ""}}, {"model": "admin.logentry", "pk": 38, "fields": {"action_time": "2021-09-22T08:34:37.625Z", "user": 1, "content_type": 15, "object_id": "12", "object_repr": "A0E8C55FE2FA4A3C9AB16C2ADAC95875", "action_flag": 3, "change_message": ""}}, {"model": "admin.logentry", "pk": 39, "fields": {"action_time": "2021-09-22T08:34:37.627Z", "user": 1, "content_type": 15, "object_id": "11", "object_repr": "732607C3B19242AD9011A3C5528C8FB7", "action_flag": 3, "change_message": ""}}, {"model": "admin.logentry", "pk": 40, "fields": {"action_time": "2021-09-22T08:34:37.629Z", "user": 1, "content_type": 15, "object_id": "10", "object_repr": "8A2A31F6A1464C53B52A62A0D4F196E3", "action_flag": 3, "change_message": ""}}, {"model": "admin.logentry", "pk": 41, "fields": {"action_time": "2021-09-22T08:34:37.631Z", "user": 1, "content_type": 15, "object_id": "9", "object_repr": "F3373B04CDF04E18B7086B0F707DE8AE", "action_flag": 3, "change_message": ""}}, {"model": "admin.logentry", "pk": 42, "fields": {"action_time": "2021-09-22T08:34:37.633Z", "user": 1, "content_type": 15, "object_id": "8", "object_repr": "06397DFB6B10422F8E13AD35A9D57BB4", "action_flag": 3, "change_message": ""}}, {"model": "admin.logentry", "pk": 43, "fields": {"action_time": "2021-09-22T08:34:37.636Z", "user": 1, "content_type": 15, "object_id": "7", "object_repr": "C7D6052332CA43A0AB845245ACD6B7A7", "action_flag": 3, "change_message": ""}}, {"model": "admin.logentry", "pk": 44, "fields": {"action_time": "2021-09-22T08:34:37.638Z", "user": 1, "content_type": 15, "object_id": "6", "object_repr": "904396AD3D65481AB7CECCCB33E35C97", "action_flag": 3, "change_message": ""}}, {"model": "admin.logentry", "pk": 45, "fields": {"action_time": "2021-09-22T08:34:37.641Z", "user": 1, "content_type": 15, "object_id": "5", "object_repr": "353ED4A181304B828BA4FE23D07E7684", "action_flag": 3, "change_message": ""}}, {"model": "admin.logentry", "pk": 46, "fields": {"action_time": "2021-09-22T08:34:37.643Z", "user": 1, "content_type": 15, "object_id": "4", "object_repr": "F79A708CEFE240B2A4A12B45E1C112FF", "action_flag": 3, "change_message": ""}}, {"model": "admin.logentry", "pk": 47, "fields": {"action_time": "2021-09-22T08:34:37.645Z", "user": 1, "content_type": 15, "object_id": "3", "object_repr": "D7DC3E3223C84A86A70184347B09182B", "action_flag": 3, "change_message": ""}}, {"model": "admin.logentry", "pk": 48, "fields": {"action_time": "2021-09-22T08:34:37.647Z", "user": 1, "content_type": 15, "object_id": "2", "object_repr": "5710E0DF312E4C47A8B53197F273DE03", "action_flag": 3, "change_message": ""}}, {"model": "admin.logentry", "pk": 49, "fields": {"action_time": "2021-09-22T08:34:37.649Z", "user": 1, "content_type": 15, "object_id": "1", "object_repr": "FB0D7EFB9DF240CD924250CC2226B3A5", "action_flag": 3, "change_message": ""}}, {"model": "admin.logentry", "pk": 50, "fields": {"action_time": "2021-09-22T08:37:32.215Z", "user": 1, "content_type": 4, "object_id": "2", "object_repr": "tester", "action_flag": 3, "change_message": ""}}, {"model": "admin.logentry", "pk": 51, "fields": {"action_time": "2021-09-27T13:29:13.120Z", "user": 1, "content_type": 14, "object_id": "21", "object_repr": "test object", "action_flag": 3, "change_message": ""}}, {"model": "admin.logentry", "pk": 52, "fields": {"action_time": "2021-10-02T09:03:12.912Z", "user": 1, "content_type": 11, "object_id": "1", "object_repr": "Facebook", "action_flag": 1, "change_message": "[{\"added\": {}}]"}}, {"model": "admin.logentry", "pk": 53, "fields": {"action_time": "2021-10-02T09:09:14.119Z", "user": 1, "content_type": 11, "object_id": "1", "object_repr": "Facebook", "action_flag": 2, "change_message": "[]"}}, {"model": "admin.logentry", "pk": 54, "fields": {"action_time": "2021-10-02T09:20:18.537Z", "user": 1, "content_type": 7, "object_id": "2", "object_repr": "http://127.0.0.1:8000/", "action_flag": 1, "change_message": "[{\"added\": {}}]"}}, {"model": "admin.logentry", "pk": 55, "fields": {"action_time": "2021-10-02T09:20:34.251Z", "user": 1, "content_type": 11, "object_id": "1", "object_repr": "Facebook", "action_flag": 2, "change_message": "[{\"changed\": {\"fields\": [\"Sites\"]}}]"}}, {"model": "admin.logentry", "pk": 56, "fields": {"action_time": "2021-10-06T09:48:36.320Z", "user": 1, "content_type": 11, "object_id": "1", "object_repr": "Facebook", "action_flag": 3, "change_message": ""}}, {"model": "admin.logentry", "pk": 57, "fields": {"action_time": "2021-10-06T10:46:10.244Z", "user": 1, "content_type": 14, "object_id": "8", "object_repr": "Beyond: Visions of the Interplanetary", "action_flag": 2, "change_message": "[{\"changed\": {\"fields\": [\"Name\"]}}]"}}, {"model": "auth.user", "pk": 1, "fields": {"password": "pbkdf2_sha256$260000$TpHWfdor0X12nP9Z1TKdLe$EEq/e1s7zR0MuKZhUoTPqt50YA2j2Gijq/md1uu06lY=", "last_login": "2021-10-07T11:41:23.182Z", "is_superuser": true, "username": "tascosilva", "first_name": "Tasco", "last_name": "Silva", "email": "epitax@hotmail.com", "is_staff": true, "is_active": true, "date_joined": "2021-09-05T10:41:06Z", "groups": [], "user_permissions": []}}, {"model": "auth.user", "pk": 3, "fields": {"password": "pbkdf2_sha256$260000$zjc83NAzgOlJHXTig9gtdh$kNaY7GYN5piemQps1g5MR74z13KJLBIxCyhFvabgCK4=", "last_login": null, "is_superuser": false, "username": "halino", "first_name": "", "last_name": "", "email": "halinog819@nubenews.com", "is_staff": false, "is_active": true, "date_joined": "2021-10-05T10:48:50.361Z", "groups": [], "user_permissions": []}}, {"model": "auth.user", "pk": 4, "fields": {"password": "pbkdf2_sha256$260000$OPLIzAUzbSo4QT2epPQj2R$A2pBwtielHs/IgMQTN6pMkdc4S6/RSKz02IY920puyI=", "last_login": "2021-10-06T10:54:29.861Z", "is_superuser": false, "username": "naaper", "first_name": "", "last_name": "", "email": "napew23613@mxgsby.com", "is_staff": false, "is_active": true, "date_joined": "2021-10-05T10:53:16.711Z", "groups": [], "user_permissions": []}}, {"model": "auth.user", "pk": 5, "fields": {"password": "pbkdf2_sha256$260000$PaIQ1vxIlreKCyfldHWRef$81pT0mj1yCV6/XolBDWoDY8pk2ApJKATps7kjFn0n3o=", "last_login": "2021-10-06T10:48:06.482Z", "is_superuser": false, "username": "celine", "first_name": "", "last_name": "", "email": "ceribapo@mentonit.net", "is_staff": false, "is_active": true, "date_joined": "2021-10-06T09:43:14.493Z", "groups": [], "user_permissions": []}}, {"model": "sessions.session", "pk": "3oql083rddn4mxu5by3v81iulnej8nvh", "fields": {"session_data": ".eJxVjEEOwiAUBe_CuiEUKJUu3XsGAvxPixow0Caapnc3JF3o9s282Ymx27qYrWIxEchEetL9bs76B6YG4G7TnKnPaS3R0abQk1Z6y4DP6-n-BRZbl_YOCL5XMmhluQg4cCmCH7mGQUk1WhfYRaDunWfAvPRsHLjmAjSAVpq7Fq1Ya8zJ4PsVy4dMrCPOzmTaj-ML6SBCGQ:1mWg5U:HtdOoetfTmfBhnjkHl4ZWe87L21tkbkVyFst8Q1rPPY", "expire_date": "2021-10-16T14:34:04.800Z"}}, {"model": "sessions.session", "pk": "7nf6sf04ncneae5gd0s39o4pp2nvkrnh", "fields": {"session_data": "e30:1mRD0D:Ne0GPxRRNQXmkXRDzMhMeNoXlNgsw2OKQYnhccgVo5I", "expire_date": "2021-10-01T12:30:01.407Z"}}, {"model": "sessions.session", "pk": "ftchpf1gw8fs01d5ltmdpode8oh5ysqk", "fields": {"session_data": "eyJhY2NvdW50X3ZlcmlmaWVkX2VtYWlsIjpudWxsLCJhY2NvdW50X3VzZXIiOiI0In0:1mXi4S:cM9WEch2k1GWeUM1gGpeqt8t1OHza8v5DboPlEwc5pI", "expire_date": "2021-10-19T10:53:16.977Z"}}, {"model": "sessions.session", "pk": "sve0bgst9v21fsvpp9z86muwmqu9byaj", "fields": {"session_data": ".eJxVjEEOwiAUBe_CuiEUKJUu3XsGAvxPixow0Caapnc3JF3o9s282Ymx27qYrWIxEchEetL9bs76B6YG4G7TnKnPaS3R0abQk1Z6y4DP6-n-BRZbl_YOCL5XMmhluQg4cCmCH7mGQUk1WhfYRaDunWfAvPRsHLjmAjSAVpq7Fq1Ya8zJ4PsVy4dMrCPOzmTaj-ML6SBCGQ:1mYnjS:DLDRCrZsgnCbtmhZ7GVFyRR24L_deIZjt4wrDKtbJsE", "expire_date": "2021-10-22T11:08:06.979Z"}}, {"model": "sessions.session", "pk": "t9chcq8grp7w3ok12r4r0s6djtz4uo5p", "fields": {"session_data": ".eJxVjbtuwzAUQ39FuLNgyJIflcdMXToVneJAkHSvH2lquZYMNAjy77UBD-1I8pB8gLFrGswaaTEjQgM58L-es_6Tpj3Aq536kPkwpWV02Y5kRxqzt4B0Ox3sv4HBxmFvd4Q-r4pOV1aqjkpZqM7XUmNZFVVtXSdeFOnceYHCF17UpdRSoUbUlZZuH40U4xgmQz_zuNyhERyc7aF5QJ5DozhsP_DcwK8NtD3FTZ_PLRhzjVvtcFvgTHAmS85a-JjRJkL2PltP7DUkurHv1U5pTHeWAlNZC5cLPH8B5pRfcA:1mWJPR:rAEpTuOMdEEmulthXK8nuIb7uhnuBgmkOZU5-sF0cDs", "expire_date": "2021-10-15T14:21:09.750Z"}}, {"model": "sessions.session", "pk": "zqsndjwk1y97h3cvcz5ogg8kiliec3su", "fields": {"session_data": ".eJxVjEEOwiAUBe_y1w0BSqmwdO8ZCPChRQ2Y0iaapnc3JF3o9s282cHYbZ3NVsNiEoIGBt3v5qx_hNwA3m2eCvElr0typCnkpJXcCobn9XT_ArOtc3vHgJ5JEZW0vI9h4KKPfuQKBynkaF2klz4o5jxF6oWn48AV71EhKqm4a9Eaak0lm_B-peUDmnbg7AR6BwGaHccXMyRC_A:1mUlxN:N9gM--iQNPHv2zEbaZx8PtHLtS638-1mdHkhOghjlMo", "expire_date": "2021-10-11T08:25:49.881Z"}}, {"model": "sites.site", "pk": 1, "fields": {"domain": "space_travel_agency.example.com", "name": "Space Travel Agency"}}, {"model": "sites.site", "pk": 2, "fields": {"domain": "http://127.0.0.1:8000/", "name": "localhost"}}, {"model": "account.emailaddress", "pk": 1, "fields": {"user": 1, "email": "tasco@silva.com", "verified": true, "primary": true}}, {"model": "account.emailaddress", "pk": 3, "fields": {"user": 3, "email": "halinog819@nubenews.com", "verified": true, "primary": true}}, {"model": "account.emailaddress", "pk": 4, "fields": {"user": 4, "email": "napew23613@mxgsby.com", "verified": true, "primary": true}}, {"model": "account.emailaddress", "pk": 5, "fields": {"user": 5, "email": "ceribapo@mentonit.net", "verified": true, "primary": true}}, {"model": "products.category", "pk": 1, "fields": {"name": "trip", "friendly_name": "Trip"}}, {"model": "products.category", "pk": 2, "fields": {"name": "multimedia", "friendly_name": "Multimedia"}}, {"model": "products.category", "pk": 3, "fields": {"name": "pers-care", "friendly_name": "Personal Care"}}, {"model": "products.category", "pk": 4, "fields": {"name": "accessories", "friendly_name": "Accessories"}}, {"model": "products.category", "pk": 5, "fields": {"name": "deals", "friendly_name": "Deals"}}, {"model": "products.category", "pk": 6, "fields": {"name": "entertainment", "friendly_name": "Entertainment"}}, {"model": "products.product", "pk": 1, "fields": {"category": 1, "sku": "PS.01.00001", "name": "A trip around the earth", "description": "Experience Earth’s wonders from space—from the Great Barrier Reef, Himalayas, Amazon River, and Giza’s Pyramids by day, to the glow of city lights, lightning storms, and the Aurora Borealis by night. Our spacecraft fully orbits the Earth every 90 minutes, making a highly customized flight path possible. Fly over your hometown, famous landmarks and other places meaningful to you.", "price": "10000.00", "stock": null, "rating": "5.0", "image_url": null, "image": "earthview1_dzJo7mr.jpg"}}, {"model": "products.product", "pk": 3, "fields": {"category": 4, "sku": "PP.04.02435", "name": "Manta Sleep Mask", "description": "If you’ve ever worked with a sleep mask with flimsy straps and a plasticky feel, you know that the wrong sleep mask can be a distraction.\r\n\r\nThe right sleep mask. Manta’s sleep mask has a seamless, quilted surround that offers cushioning for your whole head, not just your eyes. However, your eyes do get special treatment. With two light-blocking rounded pillows that surround each eye, this sleeping mask comforts without pressure. You have room to softly bat your eyelids as you drift away. There’s no oppressive layer–just the space you need.\r\n\r\nThe blackout eye mask easily adjusts to fit around any head or hairstyle. Its materials breathe easily. This is no overly warm mask that feels stifling in summer; it’s perfect for year-round sleep support.", "price": "39.99", "stock": 302, "rating": "1.0", "image_url": "https://m.media-amazon.com/images/I/A1OyV3YHI4L._SY450_.jpg", "image": "sleep-mask.jpg"}}, {"model": "products.product", "pk": 4, "fields": {"category": 2, "sku": "PP.02.01293", "name": "Clip on Phone Camera Lens", "description": "\"A 3 in 1 Phone Camera Lens - 0.65x Super wide Angle Lens + 15x MACRO Lens + 230 degree fisheye lens, Meet all you demand on photography. Easy for you to take better photograph and capture the instant beauty on your cell phone. Perfect for capturing breathtaking space picture with your mobile phone.\r\n\"", "price": "19.99", "stock": 54, "rating": "3.5", "image_url": "https://m.media-amazon.com/images/I/71y8Kvz749L._AC_SL1500_.jpg", "image": "clipon-lens.jpg"}}, {"model": "products.product", "pk": 6, "fields": {"category": 3, "sku": "PP.03.00198", "name": "Motion sickness pills", "description": "These Motion Sickness Pills provides powerful, fast relief from motion sickness when you need it most\r\nPrevents and relieves nausea, dizziness and vomiting\r\nTreats symptoms on the spot.", "price": "9.99", "stock": 210, "rating": "5.0", "image_url": "https://www.keystoneotcstore.com/images/thumbs/0000342_motion-sickness-tablets-12ct_415.jpeg", "image": "pills.jpeg"}}, {"model": "products.product", "pk": 7, "fields": {"category": 5, "sku": "PP.06.46281", "name": "Zero G Pen", "description": "This Zero Gravity Space Pen has a non-reflective black rubber grip coating. Gebruik makend van de Fisher gasdrukvulling schrijft deze pen op zijn kop, onder elke hoek, onder water, door vet, onder extreme temperaturen, op bijna elke ondergrond, drie keer langer dan een gemiddelde pen en uiteraard in het vacuüm van de ruimte!22", "price": "22.95", "stock": 302, "rating": "4.8", "image_url": "https://penworld.sirv.com/media/catalog/product/z/g/zgmb_1024x1024_1.jpg?scale.option=ignore&canvas.width=1600&canvas.height=1600&w=1519&h=1600&canvas.opacity=0", "image": "zero-g-pen.jpg"}}, {"model": "products.product", "pk": 8, "fields": {"category": 6, "sku": "PP.05.02057", "name": "Beyond: Visions of the Interplanetary", "description": "This book has some of the most beautiful planetary photos. The images cover the 8 main planets, and are of exceptional quality. If you're a fan of astronomy and/or planetary science, and enjoy looking at celestial photos, you'll love this book.", "price": "139.99", "stock": 14, "rating": "4.0", "image_url": "https://images-na.ssl-images-amazon.com/images/I/31C6CGP4JTL._SY473_BO1,204,203,200_.jpg", "image": "book-beyond.jpg"}}, {"model": "products.product", "pk": 9, "fields": {"category": 6, "sku": "PP.05.02176", "name": "Our Solar System", "description": "The universe is huge. With more than 100 billion galaxies and billions of orbiting astronomical bodies, there’s so much to learn. Rocket through the cosmos, and discover everything there is to know about our exciting and mysterious solar system!", "price": "59.00", "stock": 78, "rating": "4.5", "image_url": null, "image": "solar-system.jpg"}}, {"model": "products.product", "pk": 10, "fields": {"category": 6, "sku": "PP.05.00684", "name": "What makes up the universe?", "description": "Take a long ride to outer space and discover the universe for what it truly is. Read about stars, planets and galaxies. Discover truths as they're presented through an effective combination of text and visuals. Encourage your child to start reading. Go ahead and grab a copy today.", "price": "89.99", "stock": 402, "rating": "4.3", "image_url": "https://media.s-bol.com/JyD91JNBrk2D/1200x1200.jpg", "image": "whatmakes.jpg"}}, {"model": "products.product", "pk": 11, "fields": {"category": 1, "sku": "PS.01.00003", "name": "Space Hotel", "description": "Can you imagine an international space station having a hotel? Yes, you can now vacation outside Earth. Stay in a one-of-its-kind luxurious hotel. \r\nWith a capacity of 400 people, equipped with restaurants, bars, a gym, a cinema, spa, rooms, and suites.", "price": "20000.00", "stock": null, "rating": "4.9", "image_url": null, "image": "space-hotel.jpg"}}, {"model": "products.product", "pk": 12, "fields": {"category": 1, "sku": "PS.01.00005", "name": "Fly me to the moon", "description": "Only a people have ever left Earth orbit and journeyed close to the Moon. We will take you to within a few hundred kilometers of the Moon’s surface.  You will see the illuminated far side of the Moon, and then witness the amazing sight of the Earth rising above the surface of the Moon.", "price": "36000.00", "stock": null, "rating": "4.7", "image_url": null, "image": "moon3.jpg"}}, {"model": "products.product", "pk": 13, "fields": {"category": 4, "sku": "PP.03.10372", "name": "Levitating Moon Lamp", "description": "The moon lamp is powered through electromagnetic induction, no need cables or built-in battery. It uses magnetic levitation technique, to suspend and spin automatically in mid-air. Using the most advanced 3D printing technology to precisely reproduce the moon’s surface by high-resolution astronomical data, to create a texture that is very similar to the real moon.", "price": "89.95", "stock": 101, "rating": "4.0", "image_url": "https://m.media-amazon.com/images/I/61rXIYvJaPS._AC_SL1000_.jpg", "image": "moon-lamp_nhJ4oYB.jpg"}}, {"model": "products.product", "pk": 14, "fields": {"category": 5, "sku": "PP.06.97362", "name": "Earth with Clouds Globe", "description": "The globe utilizes solar technology to rotate silently on its own. It measures 6 inches in diameter.  The globe comes with easy-to-assemble 3-pronged acrylic stand and user manual, all in secure foam packaging.\r\nA unique gift item for home decorators, tech geeks, world travelers, astronomy enthusiasts, educators, and more.  After base assembly, measures approximately 10 inches in height and weighs 6 pounds.", "price": "210.00", "stock": 12, "rating": "4.3", "image_url": "https://m.media-amazon.com/images/I/41XWcn7gyhL.jpg", "image": "globe.jpg"}}, {"model": "products.product", "pk": 15, "fields": {"category": 3, "sku": "PP.03.02345", "name": "Constellation Blanket", "description": "This constellation blanket is super soft, has all 12 zodiac horoscope star signs/patterns and glows in the dark! All you need to do is put the blanket on a sunny or well lit area for 30 minutes to an hour whenever the glow-in-the-dark starts to dim and it should be fully recharged!", "price": "26.95", "stock": 122, "rating": "4.7", "image_url": "https://m.media-amazon.com/images/I/8121wWMCYaL._AC_SL1500_.jpg", "image": "blanket_6c1Hdk7.jpg"}}, {"model": "products.product", "pk": 16, "fields": {"category": 6, "sku": "PP.05.02847", "name": "Monopoly Night Sky", "description": "The night sky edition is the perfect introduction to a lifetime of cosmic exploration and enjoyment. It comes complete with 6 collectible pewter tokens meade telescope, radio telescope, hubble space telescope, observatory, meade binoculars and mars rover.", "price": "39.95", "stock": 24, "rating": "5.0", "image_url": "https://c.shld.net/rpx/i/s/i/spin/image/spin_prod_114059901", "image": "monopoly_rfVMcYs.jpg"}}, {"model": "products.product", "pk": 18, "fields": {"category": 1, "sku": "PP.01.0002", "name": "A space walk", "description": "A spacewalk is one of the pinnacles of human spaceflight. Even for professional astronauts, the opportunity to leave the space station and float above the Earth is a rare and exhilarating experience.", "price": "15000.00", "stock": null, "rating": "4.2", "image_url": null, "image": "spacewalk2.jpg"}}, {"model": "products.product", "pk": 19, "fields": {"category": 1, "sku": "PP.01.0004", "name": "Space Station ISS", "description": "The International Space Station (ISS) is mankind’s only permanently manned outpost. In low-Earth orbit it circles the Earth every 90 minutes.\r\nA visit to the ISS is like no other experience.  When you reach Earth orbit you will be traveling at 17,500 miles per hour, over 250 miles above the Earth’s surface and you will be weightless, floating inside your spacecraft.", "price": "20000.00", "stock": null, "rating": "4.1", "image_url": null, "image": "iss.webp"}}, {"model": "products.product", "pk": 20, "fields": {"category": 1, "sku": "PP.01.0006", "name": "A trip to mars", "description": "At an average distance of 140 million miles, Mars is one of Earth's closest habitable neighbors.", "price": "112000.00", "stock": null, "rating": "4.6", "image_url": null, "image": "mars.jpg"}}, {"model": "products.product", "pk": 26, "fields": {"category": 4, "sku": null, "name": "test object", "description": "test", "price": "12.00", "stock": null, "rating": null, "image_url": null, "image": ""}}, {"model": "products.product", "pk": 27, "fields": {"category": 2, "sku": "PP.02.10872", "name": "Wireless headphones", "description": "These headphones have outstanding sound quality and satisfaction is our paramount goal. High definition stereo headphones together with advanced software and noise reduction technology are designed to reduce ambient noises. It is ideal for phone calls, music, and entertainment. Lose yourself in immersive music even in the lowest volume levels!", "price": "219.00", "stock": 99, "rating": "5.0", "image_url": "https://i.pinimg.com/originals/6e/e9/af/6ee9af4f5093b7456b1615bf7821a3b5.jpg", "image": "headphones_c8KRYid.jpg"}}, {"model": "products.product", "pk": 28, "fields": {"category": 2, "sku": "PP.02.03525", "name": "Astronomy Binoculars", "description": "\"Multi coated optics with a large aperture perfect for low light conditions and stargazing. Diopter adjustment for fine focusing; Angular field of view 4.4 degrees.\r\nA large 70 millimeter objective lens offers maximum image brightness in low light and long range conditions.\"", "price": "95.95", "stock": 67, "rating": "4.5", "image_url": "https://cdn.shopify.com/s/files/1/1935/4371/products/71013_SkyMaster_15-35x70_1_570x380@2x.jpg?v=1534285972", "image": "binoculars_KMb4RRC.jpg"}}, {"model": "checkout.order", "pk": 20, "fields": {"order_number": "262ADA59339F4D488DEE4C2928DCA060", "user_profile": null, "full_name": "Tasco Silva", "email": "epitax@hotmail.com", "phone_number": "1234567890", "country": "GB", "postcode": null, "town_or_city": "Bakerville", "street_address1": "Bakerstreet 2", "street_address2": null, "county": null, "date": "2021-10-02T08:19:20.413Z", "delivery_cost": "1.00", "order_total": "9.99", "grand_total": "10.99", "original_bag": "{\"6\": 1}", "stripe_pid": "pi_3Jg3Q6GgVZ9GzB4o0lLzrTvW"}}, {"model": "checkout.order", "pk": 21, "fields": {"order_number": "1890073CF9424F568E2E8A486A234355", "user_profile": null, "full_name": "Tasco Silva", "email": "epitax@hotmail.com", "phone_number": "1324354657", "country": "GB", "postcode": null, "town_or_city": "Bakerville", "street_address1": "Bakerstreet 10", "street_address2": null, "county": null, "date": "2021-10-06T09:58:53.429Z", "delivery_cost": "1.00", "order_total": "9.99", "grand_total": "10.99", "original_bag": "{\"6\": 1, \"1\": {\"24/10/2021\": 1}}", "stripe_pid": "pi_3JhWtLGgVZ9GzB4o0QSVnwGq"}}, {"model": "checkout.order", "pk": 22, "fields": {"order_number": "47D893F70C3843B39E685AE14E4EA434", "user_profile": null, "full_name": "Tasco Silva", "email": "epitax@hotmail.com", "phone_number": "1324354657", "country": "GB", "postcode": null, "town_or_city": "Bakerville", "street_address1": "Bakerstreet 10", "street_address2": null, "county": null, "date": "2021-10-06T10:00:48.358Z", "delivery_cost": "0.00", "order_total": "0.00", "grand_total": "0.00", "original_bag": "{\"6\": 1, \"1\": {\"24/10/2021\": 1}}", "stripe_pid": "pi_3JhWtLGgVZ9GzB4o0QSVnwGq"}}, {"model": "checkout.order", "pk": 23, "fields": {"order_number": "967FD06FBF2E47F299118BD977953EE1", "user_profile": null, "full_name": "Tasco Silva", "email": "epitax@hotmail.com", "phone_number": "1324354657", "country": "GB", "postcode": null, "town_or_city": "Bakerville", "street_address1": "Bakerstreet 10", "street_address2": null, "county": null, "date": "2021-10-06T10:03:20.853Z", "delivery_cost": "1.00", "order_total": "9.99", "grand_total": "10.99", "original_bag": "{\"6\": 1, \"1\": {\"24/10/2021\": 1}}", "stripe_pid": "pi_3JhWtLGgVZ9GzB4o0QSVnwGq"}}, {"model": "checkout.order", "pk": 24, "fields": {"order_number": "CAE64CDC4E6847809F2707620D1BBDE0", "user_profile": null, "full_name": "Tasco Silva", "email": "epitax@hotmail.com", "phone_number": "1324354657", "country": "GB", "postcode": null, "town_or_city": "Bakerville", "street_address1": "Bakerstreet 10", "street_address2": null, "county": null, "date": "2021-10-06T10:07:24.098Z", "delivery_cost": "1.00", "order_total": "9.99", "grand_total": "10.99", "original_bag": "{\"6\": 1, \"1\": {\"24/10/2021\": 1}}", "stripe_pid": "pi_3JhX1oGgVZ9GzB4o0BoogKFA"}}, {"model": "checkout.order", "pk": 25, "fields": {"order_number": "2A1678E8D80D4BA0931D43EBA22AD7A0", "user_profile": 4, "full_name": "Naaper Wepan", "email": "napew23613@mxgsby.com", "phone_number": "1234567891", "country": "IN", "postcode": null, "town_or_city": "Mumbai", "street_address1": "Bangidock 3", "street_address2": null, "county": null, "date": "2021-10-07T10:19:40.429Z", "delivery_cost": "1.00", "order_total": "9.99", "grand_total": "10.99", "original_bag": "{\"6\": 1}", "stripe_pid": "pi_3Jhtf8GgVZ9GzB4o16gr7htr"}}, {"model": "checkout.orderlineitem", "pk": 30, "fields": {"order": 20, "product": 6, "quantity": 1, "lineitem_total": "9.99"}}, {"model": "checkout.orderlineitem", "pk": 31, "fields": {"order": 21, "product": 6, "quantity": 1, "lineitem_total": "9.99"}}, {"model": "checkout.orderlineitem", "pk": 32, "fields": {"order": 23, "product": 6, "quantity": 1, "lineitem_total": "9.99"}}, {"model": "checkout.orderlineitem", "pk": 33, "fields": {"order": 24, "product": 6, "quantity": 1, "lineitem_total": "9.99"}}, {"model": "checkout.orderlineitem", "pk": 34, "fields": {"order": 25, "product": 6, "quantity": 1, "lineitem_total": "9.99"}}, {"model": "profiles.userprofile", "pk": 1, "fields": {"user": 1, "default_phone_number": "1324354657", "default_street_address1": "Bakerstreet 10", "default_street_address2": null, "default_town_or_city": "Bakerville", "default_county": null, "default_postcode": null, "default_country": "GB"}}, {"model": "profiles.userprofile", "pk": 3, "fields": {"user": 3, "default_phone_number": null, "default_street_address1": null, "default_street_address2": null, "default_town_or_city": null, "default_county": null, "default_postcode": null, "default_country": null}}, {"model": "profiles.userprofile", "pk": 4, "fields": {"user": 4, "default_phone_number": "1234567891", "default_street_address1": "Bangidock 3", "default_street_address2": null, "default_town_or_city": "Mumbai", "default_county": null, "default_postcode": null, "default_country": "IN"}}, {"model": "profiles.userprofile", "pk": 5, "fields": {"user": 5, "default_phone_number": null, "default_street_address1": null, "default_street_address2": null, "default_town_or_city": null, "default_county": null, "default_postcode": null, "default_country": null}}, {"model": "contact.contact", "pk": 1, "fields": {"full_name": "Test Testerson", "email": "test@test.com", "subject": "test", "message": "test", "date_sent": "2021-09-24T20:05:16.820Z"}}, {"model": "contact.contact", "pk": 2, "fields": {"full_name": "Tasco Silva", "email": "epitax@hotmail.com", "subject": "test", "message": "test", "date_sent": "2021-09-24T20:20:02.301Z"}}, {"model": "contact.contact", "pk": 3, "fields": {"full_name": "Tasco Silva", "email": "epitax@hotmail.com", "subject": "test onderwerp", "message": "Dit is een test", "date_sent": "2021-09-24T20:58:19.005Z"}}, {"model": "reviews.review", "pk": 2, "fields": {"user": 1, "product": 4, "title": "No real difference", "comment": "After using the lenses I saw no real difference to a normal picture.", "rating": 2, "date_added": "2021-10-04T09:49:07.484Z"}}, {"model": "reviews.review", "pk": 3, "fields": {"user": 1, "product": 6, "title": "Feeling better.", "comment": "These pills really help. I finally can fly again.", "rating": 5, "date_added": "2021-10-04T12:15:15.108Z"}}, {"model": "reviews.review", "pk": 4, "fields": {"user": 1, "product": 1, "title": "Great view!", "comment": "I've never could have dreamed that I would see the earth in this way. Not to mention the beautiful sunsets and sunrises.", "rating": 5, "date_added": "2021-10-04T12:19:57.124Z"}}, {"model": "reviews.review", "pk": 5, "fields": {"user": 4, "product": 8, "title": "Beautifull pictures", "comment": "Received this book for Christmas. It is  absolutely gorgeous!\r\n\r\nI love sitting down with the kids and looking at each picture, discussing what is is and admiring the spectacular beauty that has been captured. This is an amazing way to introduce them to the wonder of the universe beyond this small bubble we call earth.\r\n\r\nIt would have been nicer in hardcover.", "rating": 4, "date_added": "2021-10-06T10:45:16.431Z"}}, {"model": "reviews.review", "pk": 6, "fields": {"user": 5, "product": 16, "title": "Love this game!", "comment": "Bought this for my 10 yr old son. We all really enjoy playing this game. We like that their are educational space \"tid-bits\" on the money so they are learning while playing too! Wish there was a little more educational space information, but overall very happy with the product.", "rating": 5, "date_added": "2021-10-06T10:49:59.636Z"}}, {"model": "reviews.review", "pk": 7, "fields": {"user": 5, "product": 27, "title": "Great sound", "comment": "These headphones have a deep rich sound. If you have ever hooked up a stereo system you will no trouble getting this system up and running. It linked the first time I turned it on and has worked every time since. The quality seems to be very good and the ear pads are very comfortable. I'm pleased !!", "rating": 5, "date_added": "2021-10-06T10:52:22.676Z"}}, {"model": "reviews.review", "pk": 8, "fields": {"user": 5, "product": 13, "title": "A great gift", "comment": "It’s was a great gift for my adult friend, and his kids couldn’t take their eyes off of it either. Easy to set up and it’s so, so cool! It’s my go to gift for Christmas now. Can’t go wrong.", "rating": 4, "date_added": "2021-10-06T10:54:02.392Z"}}, {"model": "reviews.review", "pk": 9, "fields": {"user": 4, "product": 6, "title": "Great relief", "comment": "Extremely Useful for motion sickness. Value for money.\r\nItem arrived earlier than expected. All is in perfect order.", "rating": 5, "date_added": "2021-10-06T10:56:57.916Z"}}, {"model": "reviews.review", "pk": 10, "fields": {"user": 4, "product": 3, "title": "Did not work for me.", "comment": "I hated this eye shade! 1. I had to continually adjust the eye foam cushion so there was no light shining in however, when I roll one side to another, I still saw stabs of light shining through, (2) in order minimize the light, I had to strap on the eye shade tightly which still shifted when I moved around, and (3) I felt my eyes had \"sweated\" because it was tightly covered. It just wasn't for me.", "rating": 1, "date_added": "2021-10-06T10:58:06.903Z"}}, {"model": "reviews.review", "pk": 11, "fields": {"user": 4, "product": 4, "title": "Great tool for any cellphone", "comment": "This is great for taking on road trips to the mountain or the beach To take pictures of beautiful scenery. Or if you an extreme photography enthusiast like me, you can now also take pictures of all the flowers and coins you want!", "rating": 5, "date_added": "2021-10-06T11:00:05.267Z"}}]